company,title,location,link,source
Amazon,Robotics - Software Development Engineer Intern - 2026 - Toronto,"Toronto, Ontario, CAN",https://www.amazon.jobs/en/jobs/3136815/robotics-software-development-engineer-intern-2026-toronto,Amazon API
Amazon,Robotics - Software Development Engineer Intern/Co-op - 2026,"Westboro, Wisconsin, USA",https://www.amazon.jobs/en/jobs/3136266/robotics-software-development-engineer-intern-co-op-2026,Amazon API
Amazon,"SEED Engineer Program - Software Development Engineer Intern, 2026 Shenzhen","Shenzhen, CHN",https://www.amazon.jobs/en/jobs/10377042/seed-engineer-program-software-development-engineer-intern-2026-shenzhen,Amazon API
Amazon,"Software Development Engineer Intern, AWS Data Services - Fall 2026 (US)","Seattle, Washington, USA",https://www.amazon.jobs/en/jobs/10412530/software-development-engineer-intern-aws-data-services-fall-2026-us,Amazon API
Amazon,Software Development Engineer Fall Intern - Military Veteran,"Seattle, Washington, USA",https://www.amazon.jobs/en/jobs/3179209/software-development-engineer-fall-intern-military-veteran,Amazon API
Amazon,"Software Dev Engineer Intern - Embedded System, eero","Taipei City, TWN",https://www.amazon.jobs/en/jobs/3149107/software-dev-engineer-intern-embedded-system-eero,Amazon API
Amazon,"Software Dev Engineer Intern, (Manufacturing&Ops) 2026 Shanghai","Shanghai, CHN",https://www.amazon.jobs/en/jobs/10376734/software-dev-engineer-intern-manufacturing-ops-2026-shanghai,Amazon API
Amazon,"Software Dev Engineer Intern, (Manufacturing&Ops) 2026 Shanghai","Shanghai, CHN",https://www.amazon.jobs/en/jobs/3165273/software-dev-engineer-intern-manufacturing-ops-2026-shanghai,Amazon API
Amazon,"Software Dev Engineer Intern, (Sustaining Operations) 2026 Shanghai","Shanghai, CHN",https://www.amazon.jobs/en/jobs/10376736/software-dev-engineer-intern-sustaining-operations-2026-shanghai,Amazon API
Amazon,2026 Software Dev Engineer Intern - Ireland,"Dublin, IRL",https://www.amazon.jobs/en/jobs/3072042/2026-software-dev-engineer-intern-ireland,Amazon API
Amazon,Software Development Engineer Internship - Fall 2026 (Canada),"Vancouver, British Columbia, CAN",https://www.amazon.jobs/en/jobs/10387163/software-development-engineer-internship-fall-2026-canada,Amazon API
Amazon,"Software Development Engineer Internship - Vaga para mulheres, IES- LATECH",BRA,https://www.amazon.jobs/en/jobs/3139827/software-development-engineer-internship-vaga-para-mulheres-ies-latech,Amazon API
Amazon,"Software Development Engineer Internship, Guadalajara","Zapopan, Jalisco, MEX",https://www.amazon.jobs/en/jobs/3123243/software-development-engineer-internship-guadalajara,Amazon API
Amazon,"Software Development Engineer Internship, Costa Rica","San Jose, San Jose, CRI",https://www.amazon.jobs/en/jobs/3126072/software-development-engineer-internship-costa-rica,Amazon API
Amazon,2026 Software Dev Engineer Intern (Location : Sydney),"Sydney, New South Wales, AUS",https://www.amazon.jobs/en/jobs/3204846/2026-software-dev-engineer-intern-location-sydney,Amazon API
Amazon,"Software Development Engineer Internship, Mexico City","Mexico City, Mexico City, MEX",https://www.amazon.jobs/en/jobs/3123246/software-development-engineer-internship-mexico-city,Amazon API
Amazon,"Software Development Intern, Intech",BRA,https://www.amazon.jobs/en/jobs/3120598/software-development-intern-intech,Amazon API
Amazon,Software Development Engineer Internship - Fall 2026 (US),"Seattle, Washington, USA",https://www.amazon.jobs/en/jobs/3116030/software-development-engineer-internship-fall-2026-us,Amazon API
Amazon,"2026 Software Dev Engineer Intern - Haifa, Israel","Haifa, Haifa, ISR",https://www.amazon.jobs/en/jobs/3147202/2026-software-dev-engineer-intern-haifa-israel,Amazon API
Amazon,"2026 Software Dev Engineer Intern - Tel-Aviv, Israel","Tel Aviv-Yafo, Tel Aviv, ISR",https://www.amazon.jobs/en/jobs/3122111/2026-software-dev-engineer-intern-tel-aviv-israel,Amazon API
Amazon,"SDE I, OPTRA - ROW Transportation Tech","Gurugram, Haryana, IND",https://www.amazon.jobs/en/jobs/10385941/sde-i-optra-row-transportation-tech,Amazon API
Amazon,2026 Graduate Software Dev Engineer ,"Haifa, Haifa, ISR",https://www.amazon.jobs/en/jobs/10386987/2026-graduate-software-dev-engineer,Amazon API
Google,Official early-career / internship search page,India / Global,https://www.google.com/about/careers/applications/jobs/results/?q=software%20engineer%20intern,Official Careers Search Link
Microsoft,Official early-career / internship search page,India / Global,https://careers.microsoft.com/v2/global/en/search?q=software%20engineer%20intern&lc=India,Official Careers Search Link
Apple,Official early-career / internship search page,India / Global,https://jobs.apple.com/en-in/search?search=software%20engineer%20intern&location=india-INDC,Official Careers Search Link
Meta,Official early-career / internship search page,India / Global,https://www.metacareers.com/jobs?q=software%20engineer%20intern,Official Careers Search Link
Adobe,Official early-career / internship search page,India / Global,https://careers.adobe.com/us/en/search-results?keywords=software%20engineer%20intern,Official Careers Search Link
Databricks,Director of Internal Communications,"San Francisco, California",https://databricks.com/company/careers/open-positions/job?gh_jid=8453290002,Greenhouse
Databricks,PhD GenAI Research Scientist Intern,"San Francisco, California",https://databricks.com/company/careers/open-positions/job?gh_jid=7011263002,Greenhouse
Databricks,Senior Software Engineer - AI Platform (NYC),"New York City, New York",https://databricks.com/company/careers/open-positions/job?gh_jid=8509230002,Greenhouse
Databricks,"Senior Software Engineer, AI Runtime","Mountain View, California; San Francisco, California",https://databricks.com/company/careers/open-positions/job?gh_jid=8582276002,Greenhouse
Databricks,Senior Software Engineer  - Application Traffic team,"Mountain View, California",https://databricks.com/company/careers/open-positions/job?gh_jid=8183195002,Greenhouse
Databricks,Senior Software Engineer - Backend,"Mountain View, California",https://databricks.com/company/careers/open-positions/job?gh_jid=6544435002,Greenhouse
Databricks,Senior Software Engineer - Backend,"Vancouver, Canada",https://databricks.com/company/careers/open-positions/job?gh_jid=8093295002,Greenhouse
Databricks,Senior Software Engineer - Backend,"Belgrade, Serbia",https://databricks.com/company/careers/open-positions/job?gh_jid=8012803002,Greenhouse
Databricks,Senior Software Engineer - Backend,"San Francisco, California",https://databricks.com/company/careers/open-positions/job?gh_jid=4799387002,Greenhouse
Databricks,Senior Software Engineer - Backend,"Bellevue, Washington",https://databricks.com/company/careers/open-positions/job?gh_jid=6779084002,Greenhouse
Databricks,Senior Software Engineer - Backend,"Amsterdam, Netherlands",https://databricks.com/company/careers/open-positions/job?gh_jid=8029671002,Greenhouse
Databricks,Senior Software Engineer - Backend,"Berlin, Germany",https://databricks.com/company/careers/open-positions/job?gh_jid=7477087002,Greenhouse
Databricks,Senior Software Engineer (Backend) - AI/ML Environments,"Mountain View, California",https://databricks.com/company/careers/open-positions/job?gh_jid=8233899002,Greenhouse
Databricks,"Senior Software Engineer, Compute Infrastructure","Mountain View, California; San Francisco, California",https://databricks.com/company/careers/open-positions/job?gh_jid=8527117002,Greenhouse
Databricks,Senior Software Engineer - Database Engine Internals,"Belgrade, Serbia",https://databricks.com/company/careers/open-positions/job?gh_jid=8012809002,Greenhouse
Databricks,Senior Software Engineer - Database Engine Internals,"San Francisco, California",https://databricks.com/company/careers/open-positions/job?gh_jid=5048461002,Greenhouse
Databricks,Senior Software Engineer - Database Engine Internals,"Mountain View, California",https://databricks.com/company/careers/open-positions/job?gh_jid=6544383002,Greenhouse
Databricks,Senior Software Engineer - Distributed Data Systems,"Bellevue, Washington",https://databricks.com/company/careers/open-positions/job?gh_jid=6936994002,Greenhouse
Databricks,Senior Software Engineer - Distributed Data Systems,"Belgrade, Serbia",https://databricks.com/company/careers/open-positions/job?gh_jid=8012800002,Greenhouse
Databricks,Senior Software Engineer - Distributed Data Systems,"San Francisco, California",https://databricks.com/company/careers/open-positions/job?gh_jid=4513122002,Greenhouse
Databricks,Senior Software Engineer - Distributed Data Systems,"Mountain View, California",https://databricks.com/company/careers/open-positions/job?gh_jid=6544325002,Greenhouse
Databricks,Senior Software Engineer - Fullstack,"Mountain View, California; San Francisco, California",https://databricks.com/company/careers/open-positions/job?gh_jid=5445641002,Greenhouse
Databricks,Senior Software Engineer - Fullstack,"Vancouver, Canada",https://databricks.com/company/careers/open-positions/job?gh_jid=8099342002,Greenhouse
Databricks,Senior Software Engineer - Fullstack,"Mountain View, California; San Francisco, California",https://databricks.com/company/careers/open-positions/job?gh_jid=7898766002,Greenhouse
Databricks,Senior Software Engineer - Fullstack,"Seattle, Washington",https://databricks.com/company/careers/open-positions/job?gh_jid=6544403002,Greenhouse
Databricks,Senior Software Engineer - Fullstack,"Amsterdam, Netherlands",https://databricks.com/company/careers/open-positions/job?gh_jid=8029679002,Greenhouse
Databricks,"Senior Software Engineer, Fullstack - AI Product (NYC)","New York City, New York",https://databricks.com/company/careers/open-positions/job?gh_jid=8509096002,Greenhouse
Databricks,Senior Software Engineer - Infrastructure and Tools,"San Francisco, California",https://databricks.com/company/careers/open-positions/job?gh_jid=6318503002,Greenhouse
Databricks,"Senior Software Engineer, Model Serving","San Francisco, California",https://databricks.com/company/careers/open-positions/job?gh_jid=8211648002,Greenhouse
Databricks,Senior Software Engineer (Money),"Bengaluru, India",https://databricks.com/company/careers/open-positions/job?gh_jid=7654347002,Greenhouse
Databricks,Senior Software Engineer  - Money Team,"Bellevue, Washington",https://databricks.com/company/careers/open-positions/job?gh_jid=8027404002,Greenhouse
Databricks,Senior Software Engineer - Multi Cloud Efficiency,"Bengaluru, India",https://databricks.com/company/careers/open-positions/job?gh_jid=8602402002,Greenhouse
Databricks,Senior Software Engineer- Networking,"Bengaluru, India",https://databricks.com/company/careers/open-positions/job?gh_jid=7647353002,Greenhouse
Databricks,Senior Software Engineer - Observability,"Bengaluru, India",https://databricks.com/company/careers/open-positions/job?gh_jid=7619811002,Greenhouse
Databricks,Senior Software Engineer - Security ,"San Francisco, California",https://databricks.com/company/careers/open-positions/job?gh_jid=7274459002,Greenhouse
Databricks,Senior Staff Software Engineer - App and Partner Ecosystem,"Seattle, Washington",https://databricks.com/company/careers/open-positions/job?gh_jid=7807722002,Greenhouse
Databricks,Senior Staff Software Engineer - Backend,"Bengaluru, India",https://databricks.com/company/careers/open-positions/job?gh_jid=8421894002,Greenhouse
Databricks,Senior Staff Software Engineer (Backend),"Bengaluru, India",https://databricks.com/company/careers/open-positions/job?gh_jid=7651326002,Greenhouse
Databricks,Senior Staff Software Engineer (Backend),"Bengaluru, India",https://databricks.com/company/careers/open-positions/job?gh_jid=7651345002,Greenhouse
Databricks,Senior Staff Software Engineer - Delta,"London, United Kingdom",https://databricks.com/company/careers/open-positions/job?gh_jid=8303020002,Greenhouse
Databricks,Senior Staff Software Engineer - Delta,"Amsterdam, Netherlands",https://databricks.com/company/careers/open-positions/job?gh_jid=8303015002,Greenhouse
Databricks,Senior Staff Software Engineer - Delta,"Zürich, Switzerland",https://databricks.com/company/careers/open-positions/job?gh_jid=8303017002,Greenhouse
Databricks,Senior Staff Software Engineer - Delta,"Berlin, Germany",https://databricks.com/company/careers/open-positions/job?gh_jid=7319791002,Greenhouse
Databricks,Senior Staff Software Engineer - Delta,"Aarhus, Denmark",https://databricks.com/company/careers/open-positions/job?gh_jid=8303014002,Greenhouse
Databricks,Senior Staff Software Engineer - Enzyme,"Mountain View, California",https://databricks.com/company/careers/open-positions/job?gh_jid=7934466002,Greenhouse
Databricks,Senior Staff Software Engineer - IAM,"Mountain View, California",https://databricks.com/company/careers/open-positions/job?gh_jid=7274563002,Greenhouse
Databricks,Senior Staff Software Engineer - IAM,"Seattle, Washington",https://databricks.com/company/careers/open-positions/job?gh_jid=7274557002,Greenhouse
Databricks,Senior Staff Software Engineer - Lakeflow Pipelines Datasets,"Mountain View, California; San Francisco, California",https://databricks.com/company/careers/open-positions/job?gh_jid=8493002002,Greenhouse
Databricks,Senior Staff Software Engineer- Networking,"Bengaluru, India",https://databricks.com/company/careers/open-positions/job?gh_jid=8433583002,Greenhouse
Databricks,Senior Staff Software Engineer- Search Quality,"Bengaluru, India",https://databricks.com/company/careers/open-positions/job?gh_jid=8439350002,Greenhouse
Databricks,Senior Staff Software Engineer - Security Infrastructure,"Mountain View, California",https://databricks.com/company/careers/open-positions/job?gh_jid=7274908002,Greenhouse
Databricks,Senior Staff Software Engineer - Security Infrastructure,"Bellevue, Washington",https://databricks.com/company/careers/open-positions/job?gh_jid=7274902002,Greenhouse
Databricks,Senior Staff Software Engineer - Unity Catalog Runtime Enforcement ,"Berlin, Germany",https://databricks.com/company/careers/open-positions/job?gh_jid=8407527002,Greenhouse
Databricks,Senior Staff Software Engineer - Unity Catalog Runtime Enforcement ,"Amsterdam, Netherlands",https://databricks.com/company/careers/open-positions/job?gh_jid=8422477002,Greenhouse
Databricks,Senior Staff Software Engineer - Unity Catalog Runtime Enforcement ,"Zürich, Switzerland",https://databricks.com/company/careers/open-positions/job?gh_jid=8422483002,Greenhouse
Databricks,Senior Staff Software Engineer - Unity Catalog Runtime Enforcement ,"London, United Kingdom",https://databricks.com/company/careers/open-positions/job?gh_jid=8422481002,Greenhouse
Databricks,Senior Staff Software Engineer - Unity Catalog Runtime Enforcement ,"Aarhus, Denmark",https://databricks.com/company/careers/open-positions/job?gh_jid=8422484002,Greenhouse
Databricks,Software Engineer - Backend,"Amsterdam, Netherlands",https://databricks.com/company/careers/open-positions/job?gh_jid=8029666002,Greenhouse
Databricks,Software Engineer - Backend,"Belgrade, Serbia",https://databricks.com/company/careers/open-positions/job?gh_jid=8012650002,Greenhouse
Databricks,Software Engineer - Database Engine Internals,"Belgrade, Serbia",https://databricks.com/company/careers/open-positions/job?gh_jid=8012658002,Greenhouse
Databricks,Software Engineer - Distributed Data Systems,"Belgrade, Serbia",https://databricks.com/company/careers/open-positions/job?gh_jid=8012691002,Greenhouse
Databricks,Software Engineer - Fullstack,"Amsterdam, Netherlands",https://databricks.com/company/careers/open-positions/job?gh_jid=8029677002,Greenhouse
Databricks,Software Engineer - GenAI inference ,"San Francisco, California",https://databricks.com/company/careers/open-positions/job?gh_jid=8202670002,Greenhouse
Databricks,Sr. IT Site Reliability Software Engineer,Costa Rica,https://databricks.com/company/careers/open-positions/job?gh_jid=8493168002,Greenhouse
Databricks,"Sr Software Engineer, Agentic Applications","Mountain View, California",https://databricks.com/company/careers/open-positions/job?gh_jid=8220814002,Greenhouse
Databricks,Sr. Software Engineer - Backend,"Aarhus, Denmark",https://databricks.com/company/careers/open-positions/job?gh_jid=7643201002,Greenhouse
Databricks,Sr Software Engineer- Customer Experience Intelligence (CXI),"Mountain View, California; San Francisco, California",https://databricks.com/company/careers/open-positions/job?gh_jid=8416951002,Greenhouse
Databricks,"Sr Software Engineer, Infrastructure","San Francisco, California",https://databricks.com/company/careers/open-positions/job?gh_jid=8493170002,Greenhouse
Databricks,Sr Software Engineer-Networking,"Mountain View, California",https://databricks.com/company/careers/open-positions/job?gh_jid=8211452002,Greenhouse
Databricks,Sr Software Engineer-Networking,"Bellevue, Washington",https://databricks.com/company/careers/open-positions/job?gh_jid=8211450002,Greenhouse
Databricks,Sr. Software Engineer - Performance,"Mountain View, California",https://databricks.com/company/careers/open-positions/job?gh_jid=6569774002,Greenhouse
Databricks,Sr. Software Engineer - Performance ,"San Francisco, California",https://databricks.com/company/careers/open-positions/job?gh_jid=6569772002,Greenhouse
Databricks,Sr Software Engineer -Public Sector,"McLean, Virginia",https://databricks.com/company/careers/open-positions/job?gh_jid=8512856002,Greenhouse
Databricks,Sr Staff Software Engineer (Backend),"Bengaluru, India",https://databricks.com/company/careers/open-positions/job?gh_jid=7630152002,Greenhouse
Databricks,Sr. Staff Software Engineer - Data Platform,"Mountain View, California; San Francisco, California",https://databricks.com/company/careers/open-positions/job?gh_jid=7823561002,Greenhouse
Databricks,Sr. Staff Software Engineer - Managed Tables ,"Mountain View, California",https://databricks.com/company/careers/open-positions/job?gh_jid=8555864002,Greenhouse
Databricks,Sr. Staff Software Engineer - Money Team,"Bellevue, Washington",https://databricks.com/company/careers/open-positions/job?gh_jid=8285949002,Greenhouse
Databricks,Sr.Staff Software Engineer- Network Platform,"Bengaluru, India",https://databricks.com/company/careers/open-positions/job?gh_jid=8462811002,Greenhouse
Databricks,"Sr. Staff Software Engineer, Observability ","Mountain View, California",https://databricks.com/company/careers/open-positions/job?gh_jid=8391889002,Greenhouse
Databricks,"Sr. Staff Software Engineer — Observability, Insights & Governance","Bellevue, Washington; Seattle, Washington",https://databricks.com/company/careers/open-positions/job?gh_jid=8575251002,Greenhouse
Databricks,"Sr. Staff Software Engineer — Observability, Insights & Governance","Mountain View, California; San Francisco, California",https://databricks.com/company/careers/open-positions/job?gh_jid=8575248002,Greenhouse
Databricks,Sr. Staff Software Engineer - Unity Catalog Data Governance,"Bellevue, Washington",https://databricks.com/company/careers/open-positions/job?gh_jid=7993609002,Greenhouse
Databricks,Staff Backend Software Engineer,New York,https://databricks.com/company/careers/open-positions/job?gh_jid=8468436002,Greenhouse
Databricks,Staff Backend Software Engineer- (AI Platform),"San Francisco, California",https://databricks.com/company/careers/open-positions/job?gh_jid=8367019002,Greenhouse
Databricks,Staff Backend Software Engineer- (AI Platform),"San Francisco, California",https://databricks.com/company/careers/open-positions/job?gh_jid=8367022002,Greenhouse
Databricks,Staff Backend Software Engineer- (AI Platform),"San Francisco, California",https://databricks.com/company/careers/open-positions/job?gh_jid=8367021002,Greenhouse
Databricks,Staff Backend Software Engineer- (AI Platform),"San Francisco, California",https://databricks.com/company/careers/open-positions/job?gh_jid=8367023002,Greenhouse
Databricks,Staff Security Software Engineer,United States,https://databricks.com/company/careers/open-positions/job?gh_jid=7932280002,Greenhouse
Databricks,Staff Software Engineer - Agent Quality,"New York City, New York",https://databricks.com/company/careers/open-positions/job?gh_jid=8532681002,Greenhouse
Databricks,"Staff Software Engineer, AI Native Web Platform","Mountain View, California",https://databricks.com/company/careers/open-positions/job?gh_jid=8560783002,Greenhouse
Databricks,Staff Software Engineer - AI Platform (NYC)   ,"New York City, New York",https://databricks.com/company/careers/open-positions/job?gh_jid=8509536002,Greenhouse
Databricks,Staff Software Engineer - AI Research Infrastructure,"New York City, New York; San Francisco, California",https://databricks.com/company/careers/open-positions/job?gh_jid=8532682002,Greenhouse
Databricks,Staff Software Engineer - AI Research Infrastructure,"New York City, New York; San Francisco, California",https://databricks.com/company/careers/open-positions/job?gh_jid=8552484002,Greenhouse
Databricks,"Staff Software Engineer, AI Runtime","Mountain View, California; San Francisco, California",https://databricks.com/company/careers/open-positions/job?gh_jid=8582271002,Greenhouse
Databricks,"Staff Software Engineer, AI Search","Mountain View, California",https://databricks.com/company/careers/open-positions/job?gh_jid=8578177002,Greenhouse
Databricks,Staff Software Engineer - Backend,"Seattle, Washington",https://databricks.com/company/careers/open-positions/job?gh_jid=6779232002,Greenhouse
Databricks,Staff Software Engineer - Backend,"Bellevue, Washington",https://databricks.com/company/careers/open-positions/job?gh_jid=6779233002,Greenhouse
Databricks,Staff Software Engineer - Backend,"Belgrade, Serbia",https://databricks.com/company/careers/open-positions/job?gh_jid=8012814002,Greenhouse
Databricks,Staff Software Engineer - Backend,"Bengaluru, India",https://databricks.com/company/careers/open-positions/job?gh_jid=8320187002,Greenhouse
Databricks,Staff Software Engineer - Backend,"San Francisco, California",https://databricks.com/company/careers/open-positions/job?gh_jid=5408888002,Greenhouse
Databricks,Staff Software Engineer - Backend,"Amsterdam, Netherlands",https://databricks.com/company/careers/open-positions/job?gh_jid=8029674002,Greenhouse
Databricks,Staff Software Engineer - Backend,"Berlin, Germany",https://databricks.com/company/careers/open-positions/job?gh_jid=7984907002,Greenhouse
Databricks,Staff Software Engineer - Backend,"Mountain View, California",https://databricks.com/company/careers/open-positions/job?gh_jid=6544443002,Greenhouse
Databricks,Staff Software Engineer - Backend ,"London, United Kingdom",https://databricks.com/company/careers/open-positions/job?gh_jid=8374611002,Greenhouse
Databricks,Staff Software Engineer - Backend ,"Vancouver, Canada",https://databricks.com/company/careers/open-positions/job?gh_jid=8093293002,Greenhouse
Databricks,Staff Software Engineer - Backend  ,"Aarhus, Denmark",https://databricks.com/company/careers/open-positions/job?gh_jid=7642799002,Greenhouse
Databricks,"Staff Software Engineer, Compute Infrastructure","Bellevue, Washington",https://databricks.com/company/careers/open-positions/job?gh_jid=8579135002,Greenhouse
Databricks,Staff Software Engineer (Core Experiences) ,"Bengaluru, India",https://databricks.com/company/careers/open-positions/job?gh_jid=6716344002,Greenhouse
Databricks,Staff Software Engineer - Customer Engagement & Docs Platform,"San Francisco, California",https://databricks.com/company/careers/open-positions/job?gh_jid=8032546002,Greenhouse
Databricks,Staff Software Engineer – Customer Experience Intelligence (CXI),"Mountain View, California; San Francisco, California",https://databricks.com/company/careers/open-positions/job?gh_jid=8416959002,Greenhouse
Databricks, Staff Software Engineer - Database Engine Internals,"Mountain View, California",https://databricks.com/company/careers/open-positions/job?gh_jid=6544386002,Greenhouse
Databricks,Staff Software Engineer - Database Engine Internals,"San Francisco, California",https://databricks.com/company/careers/open-positions/job?gh_jid=5646866002,Greenhouse
Databricks,Staff Software Engineer - Database Engine Internals,"Belgrade, Serbia",https://databricks.com/company/careers/open-positions/job?gh_jid=8012818002,Greenhouse
Databricks,Staff Software Engineer - Databases,"Bengaluru, India",https://databricks.com/company/careers/open-positions/job?gh_jid=7601565002,Greenhouse
Databricks,Staff Software Engineer - Data Platform,"Bengaluru, India",https://databricks.com/company/careers/open-positions/job?gh_jid=7601572002,Greenhouse
Databricks,Staff Software Engineer (Data Platform),"Bengaluru, India",https://databricks.com/company/careers/open-positions/job?gh_jid=7652016002,Greenhouse
Databricks,Staff Software Engineer - Developer Experience,"Amsterdam, Netherlands",https://databricks.com/company/careers/open-positions/job?gh_jid=8029676002,Greenhouse
Databricks,Staff Software Engineer - Distributed Data Systems,"Bellevue, Washington",https://databricks.com/company/careers/open-positions/job?gh_jid=6937001002,Greenhouse
Databricks,Staff Software Engineer - Distributed Data Systems,"San Francisco, California",https://databricks.com/company/careers/open-positions/job?gh_jid=5646855002,Greenhouse
Databricks,Staff Software Engineer - Distributed Data Systems,"Mountain View, California",https://databricks.com/company/careers/open-positions/job?gh_jid=6544364002,Greenhouse
Databricks,Staff Software Engineer - Distributed Data Systems,"Belgrade, Serbia",https://databricks.com/company/careers/open-positions/job?gh_jid=8012831002,Greenhouse
Databricks,"Staff Software Engineer, Foundational Model Serving","San Francisco, California",https://databricks.com/company/careers/open-positions/job?gh_jid=8224683002,Greenhouse
Databricks,Staff Software Engineer - Frontend (NYC),"New York City, New York",https://databricks.com/company/careers/open-positions/job?gh_jid=8384595002,Greenhouse
Databricks,Staff Software Engineer - Fullstack,"Vancouver, Canada",https://databricks.com/company/careers/open-positions/job?gh_jid=8099343002,Greenhouse
Databricks,"Staff Software Engineer, Fullstack - AI Product (NYC)","New York City, New York",https://databricks.com/company/careers/open-positions/job?gh_jid=8509534002,Greenhouse
Databricks,Staff Software Engineer - GenAI inference,"San Francisco, California",https://databricks.com/company/careers/open-positions/job?gh_jid=8202698002,Greenhouse
Databricks,Staff Software Engineer - GenAI Performance and Kernel,"San Francisco, California",https://databricks.com/company/careers/open-positions/job?gh_jid=8202700002,Greenhouse
Databricks,Staff Software Engineer - IAM,"Mountain View, California",https://databricks.com/company/careers/open-positions/job?gh_jid=7994801002,Greenhouse
Databricks,Staff Software Engineer - IAM,"Bellevue, Washington",https://databricks.com/company/careers/open-positions/job?gh_jid=7994790002,Greenhouse
Databricks,Staff Software Engineer (Infrastructure),"Bengaluru, India",https://databricks.com/company/careers/open-positions/job?gh_jid=7648674002,Greenhouse
Databricks,Staff Software Engineer - Ingestion,"Bengaluru, India",https://databricks.com/company/careers/open-positions/job?gh_jid=8201686002,Greenhouse
Databricks,Staff Software Engineer - Ingestion,"Bengaluru, India",https://databricks.com/company/careers/open-positions/job?gh_jid=8200692002,Greenhouse
Databricks,Staff Software Engineer (L6) - Partner Ecosystem,"Bengaluru, India",https://databricks.com/company/careers/open-positions/job?gh_jid=8476582002,Greenhouse
Databricks,Staff Software Engineer - Machine Learning (Search),"Bengaluru, India",https://databricks.com/company/careers/open-positions/job?gh_jid=7958982002,Greenhouse
Databricks,"Staff Software Engineer, Metrics and Logging","Mountain View, California",https://databricks.com/company/careers/open-positions/job?gh_jid=8298247002,Greenhouse
Databricks,"Staff Software Engineer, Model Serving ","San Francisco, California",https://databricks.com/company/careers/open-positions/job?gh_jid=8211647002,Greenhouse
Databricks,Staff Software Engineer (Money),"Bengaluru, India",https://databricks.com/company/careers/open-positions/job?gh_jid=7654349002,Greenhouse
Databricks,Staff Software Engineer - Money Team,"Bellevue, Washington",https://databricks.com/company/careers/open-positions/job?gh_jid=7111068002,Greenhouse
Databricks,Staff Software Engineer - Multi Cloud Efficiency,"Bengaluru, India",https://databricks.com/company/careers/open-positions/job?gh_jid=8593107002,Greenhouse
Databricks,Staff Software Engineer- Networking,"Bengaluru, India",https://databricks.com/company/careers/open-positions/job?gh_jid=7648669002,Greenhouse
Databricks,"Staff Software Engineer, Observability ","Mountain View, California",https://databricks.com/company/careers/open-positions/job?gh_jid=8328675002,Greenhouse
Databricks,Staff Software Engineer- Public Sector,Virginia,https://databricks.com/company/careers/open-positions/job?gh_jid=8517555002,Greenhouse
Databricks,Staff Software Engineer- Search Quality,"Bengaluru, India",https://databricks.com/company/careers/open-positions/job?gh_jid=8439348002,Greenhouse
Databricks,"Staff Software Engineer, Search Quality","Mountain View, California",https://databricks.com/company/careers/open-positions/job?gh_jid=8295792002,Greenhouse
Databricks,Staff Software Engineer  (Search Ranking),"Bengaluru, India",https://databricks.com/company/careers/open-positions/job?gh_jid=7958688002,Greenhouse
Databricks,Staff Software Engineer - Security Infrastructure,"Bellevue, Washington",https://databricks.com/company/careers/open-positions/job?gh_jid=7994759002,Greenhouse
Databricks,Staff Software Engineer - Security Infrastructure,"Mountain View, California",https://databricks.com/company/careers/open-positions/job?gh_jid=7994770002,Greenhouse
Databricks,Staff Software Engineer - User Activation,"San Francisco, California",https://databricks.com/company/careers/open-positions/job?gh_jid=7979523002,Greenhouse
Databricks,Systems PhD - Software Engineer ,"Mountain View, California; San Francisco, California",https://databricks.com/company/careers/open-positions/job?gh_jid=8482037002,Greenhouse
Databricks,Systems PhD - Software Engineer ,"Bellevue, Washington; Seattle, Washington",https://databricks.com/company/careers/open-positions/job?gh_jid=8482086002,Greenhouse
Rubrik,Application Security Intern,Bangalore,https://www.rubrik.com/company/careers/departments/job.7928163?gh_jid=7928163,Greenhouse
Rubrik,Infosec - Offensive Security Intern,Bangalore,https://www.rubrik.com/company/careers/departments/job.7928159?gh_jid=7928159,Greenhouse
Rubrik,Product Management - Cluster Infrastructure Intern,Bangalore,https://www.rubrik.com/company/careers/departments/job.7770714?gh_jid=7770714,Greenhouse
Rubrik,Product Management Intern,Bangalore,https://www.rubrik.com/company/careers/departments/job.7765355?gh_jid=7765355,Greenhouse
Rubrik,Sales Development Representative Intern,Austin (TX) Office,https://www.rubrik.com/company/careers/departments/job.7555478?gh_jid=7555478,Greenhouse
Rubrik,Senior Manager - International Payroll,"Bangalore, India",https://www.rubrik.com/company/careers/departments/job.7783894?gh_jid=7783894,Greenhouse
Rubrik,Senior Software Engineer - Enterprise AI,Bangalore,https://www.rubrik.com/company/careers/departments/job.7849713?gh_jid=7849713,Greenhouse
Rubrik,Senior Software Engineer - Identity Infrastructure,"Palo Alto, CA",https://www.rubrik.com/company/careers/departments/job.7586173?gh_jid=7586173,Greenhouse
Rubrik,"Software Engineer, Developer Productivity","Palo Alto, CA",https://www.rubrik.com/company/careers/departments/job.7922976?gh_jid=7922976,Greenhouse
Rubrik,Software Engineer - Orchestrated Application Recovery ,"Palo Alto, CA",https://www.rubrik.com/company/careers/departments/job.7844075?gh_jid=7844075,Greenhouse
Rubrik,Staff Software Engineer - Reliability,"Palo Alto, CA",https://www.rubrik.com/company/careers/departments/job.7918690?gh_jid=7918690,Greenhouse
Postman,Senior Fullstack Software Engineer - (Customer Journey),"San Francisco, California, United States",https://job-boards.greenhouse.io/postman/jobs/7715478003,Greenhouse
Postman,Senior Software Engineer - Client SDK (UI Platform),"London, UK",https://job-boards.greenhouse.io/postman/jobs/7545584003,Greenhouse
Postman,"Senior Software Engineer, Ecosystem","San Francisco, California, United States",https://job-boards.greenhouse.io/postman/jobs/7627390003,Greenhouse
Postman,Senior Software Engineer - Fern,"New York, New York, United States; San Francisco, California, United States",https://job-boards.greenhouse.io/postman/jobs/7767101003,Greenhouse
Postman,Senior Software Engineer Manager - Ecosystems ,"Cupertino, California, United States; San Francisco, California, United States",https://job-boards.greenhouse.io/postman/jobs/7677743003,Greenhouse
Postman,"Senior Software Engineer, Monetization ","San Francisco, California, United States",https://job-boards.greenhouse.io/postman/jobs/7703523003,Greenhouse
Postman,"Senior Software Engineer, Postman Insights","San Francisco, California, United States",https://job-boards.greenhouse.io/postman/jobs/7539839003,Greenhouse
Postman,"Software Engineer, Authorization","Bengaluru, Karnataka, India",https://job-boards.greenhouse.io/postman/jobs/7776298003,Greenhouse
Postman,"Software Engineer (Fullstack, frontend-heavy), Product Trust","Bengaluru, Karnataka, India",https://job-boards.greenhouse.io/postman/jobs/7704063003,Greenhouse
Postman,"Software Engineer, IAM","Hyderabad, Telangana, India",https://job-boards.greenhouse.io/postman/jobs/7687341003,Greenhouse
Postman,"Staff Software Engineer, Business Platform","San Francisco, California, United States",https://job-boards.greenhouse.io/postman/jobs/7578716003,Greenhouse
Postman,Staff Software Engineer- Codegen,"Austin, Texas, United States",https://job-boards.greenhouse.io/postman/jobs/7778449003,Greenhouse
Postman,Staff Software Engineer - Fern,"New York, New York, United States; San Francisco, California, United States",https://job-boards.greenhouse.io/postman/jobs/7767126003,Greenhouse
